url_path,views_total,views_unique
/ascsn/2023-FRIB-TA-Summer-School,3,3
/ascsn/2023-FRIB-TA-Summer-School/blob/main/practical-bayes/Practical%20example.ipynb,3,3
/ascsn/2023-FRIB-TA-Summer-School/blob/main/dimensionality-reduction/CAT%20focus%20challenge.ipynb,1,1
/ascsn/2023-FRIB-TA-Summer-School/blob/main/dimensionality-reduction/Gross-Pietaevskii%20Challenge.ipynb,1,1
/ascsn/2023-FRIB-TA-Summer-School/blob/main/dimensionality-reduction/HO_Time_Dependent.ipynb,1,1
/ascsn/2023-FRIB-TA-Summer-School/blob/main/dimensionality-reduction/Minnesota%20Potential%20Challenge.ipynb,1,1
/ascsn/2023-FRIB-TA-Summer-School/blob/main/experimental-control/Experiment_Control.ipynb,1,1
/ascsn/2023-FRIB-TA-Summer-School/blob/main/practical-bayes/Convergence%20of%20Monte%20Carlo%20Challenge.ipynb,1,1
/ascsn/2023-FRIB-TA-Summer-School/blob/main/practical-bayes/Estimating%20Noise%20Level%20Challenge.ipynb,1,1
/ascsn/2023-FRIB-TA-Summer-School/blob/main/practical-bayes/Masses2016.txt,1,1
